number,value,n_estimators,max_depth,learning_rate,subsample,colsample_bytree,min_child_weight,gamma,reg_lambda,reg_alpha
35,0.10463804865795359,300,3,0.05578103913658348,0.8252655732034248,0.6061993376246917,15.25471104641724,0.29416356957182266,8.468123490277634,0.0015563431974959434
30,0.10444995010761368,400,2,0.0691874548233113,0.8006939802364849,0.5360596728001089,15.800530100074415,0.9130587986589525,11.01555006124065,0.09435740004103627
37,0.104346338556694,400,2,0.0820511749502495,0.7279309772289362,0.5292651497545344,26.121366428062153,0.32851902787542964,9.429188599443997,0.00593612369809986
32,0.104277676260299,300,2,0.11033246511217315,0.8249722107639202,0.5991399300404262,15.69556557476528,0.9390593710552465,8.42153085592415,0.0017792488754439961
4,0.1041485066154892,400,2,0.07766184280392888,0.7760609974958406,0.5610191174223894,19.73433138572429,0.17194260557609198,14.313829500644555,0.0016443693426189251
17,0.10394635852588559,500,2,0.10979890960146019,0.8355015245784254,0.5235375973754501,15.190253300153287,1.1067995659397392,7.856204156575468,0.00046938058304972795
34,0.10383212086341176,500,2,0.1147059768393541,0.9477212789175322,0.5341928819819177,16.466063734801473,0.2631579070580561,11.24715809568269,0.000488480722670378
31,0.10381308411660421,500,2,0.10757342477162989,0.7773504690407743,0.5635205111139605,14.968816600653096,2.537456136339455,11.814122086526558,0.00021312247388181004
3,0.1035963009254139,600,5,0.011492999300221412,0.8430179407605753,0.5852620618436457,5.988250057822243,4.7444276862666666,17.618561667189315,0.6289771819487029
5,0.10351001895764647,700,3,0.04749239763680407,0.8186841117373118,0.5924272277627636,73.5302816515456,3.8756641168055728,15.999399049657148,1.6023850290194919
39,0.10349287959207294,400,2,0.11578564475204754,0.6807731573209929,0.5325327883604246,20.24708637340109,0.3376684654065863,11.932265257626872,0.13335095105245445
33,0.10320719254956205,300,2,0.08495658421435412,0.7808713616952911,0.5400089355759123,18.432268577844912,1.0000335389022545,7.913265729348571,0.000978369068500504
29,0.10315198066211148,500,2,0.15638017736451484,0.9214587840679775,0.5649104319690343,12.85320222234248,1.3333138669996956,11.0281345451179,0.0005325555557382971
36,0.10289043922647137,400,2,0.056466072029492644,0.760550317376876,0.5857502521755231,18.970171191191557,0.5648051844571791,11.560946429048002,0.02900395663677982
21,0.10288463530351988,300,3,0.10926765905774555,0.7931201722520228,0.5398363584341376,25.490679064247104,0.4485532454177667,14.554907811371226,0.00011262002069203473
18,0.10275057671556007,400,2,0.1308320853666075,0.7460672384970741,0.581393628526282,16.42875481019096,0.08825056478025273,8.884539275152928,0.0068422569966271754
2,0.10273012425428218,500,3,0.06252287916406217,0.6557975442608167,0.6460723242676091,13.807454499059872,2.28034992108518,9.054594344647798,0.0008674832802525459
16,0.10261877748539963,400,3,0.027143087643622082,0.7562018785757111,0.5813178667611588,15.507797262310293,3.5145477439057062,7.266912407103083,0.005956096155920283
10,0.10251531764254689,700,2,0.03107078574641546,0.8389810263561684,0.5428173584861098,13.457644065833023,1.1747916041009798,0.5247097626014972,0.00031080144623569004
24,0.10248769743446169,500,3,0.04421812419478105,0.775103347071661,0.6962773466957889,21.827400421780077,0.058074072290102655,10.58292547435972,0.00541127056521364
14,0.1024123426486819,500,5,0.011855894815185352,0.9008622956108141,0.6756689232452445,10.03873905949352,1.398217448317042,12.139671284073408,0.46582871385707747
23,0.1023052380800101,400,2,0.04850409272650063,0.8600272545671919,0.601000533135164,16.665756568051417,0.3174709853633242,12.12823146917462,0.03341060956593399
7,0.10227526882980272,400,3,0.05082341959721458,0.6563696899899051,0.9010984903770198,6.14805754960703,4.9344346830025865,8.632815369661433,0.0008585370205937364
20,0.10172738820731937,400,2,0.11113394663721933,0.9458525727813493,0.5976735652872005,25.890337251159767,0.8602318877302289,5.687537457674809,0.000603624186246749
13,0.10145532653136953,500,4,0.054563704125034335,0.8725484199604205,0.5321620941465413,5.750150942859265,4.132476588951303,14.748803937453244,0.29156017186425515
9,0.10056313444480429,600,3,0.012097379927033842,0.7243929286862649,0.6625916610133735,37.80100819785135,3.1877873567760657,13.192832331971246,0.01655479354137317
26,0.09998189616979897,400,2,0.19607235364308112,0.868710839984307,0.5252196395757216,10.593091802268336,1.9000990754062532,6.138507247631061,0.0006197168773766958
6,0.09993125152418514,600,7,0.01303561122512888,0.6783931449676581,0.522613644455269,12.322724997515316,1.9433864484474102,1.360465183078236,0.7838134236608698
15,0.09908408858082259,600,7,0.021978101099148942,0.8403176826210115,0.5494001612608919,15.961077593438777,2.597232440628036,15.577418211078601,0.005959978130833784
19,0.09879449568298991,400,3,0.1688250210294941,0.7927895555290794,0.5076619846026172,12.114544942471591,1.6681008758427383,13.242298281957535,0.0006281405282550106
27,0.09874379648580747,500,3,0.10592846806202554,0.8507600254813424,0.5770285942827243,18.096779135587145,0.07381682071569973,5.930902166108397,0.001879521943791448
1,0.09683249698564954,700,2,0.18276027831785724,0.9329770563201687,0.6061695553391381,8.277688526305596,0.9170225492671691,1.5359756451337139,0.02922905212920092
8,0.09674138872334823,200,6,0.08310795711416077,0.8916028672163949,0.8856351733429728,6.139438440498543,1.7923286427213632,0.766653616748559,1.1368341439732719
0,0.0879490768413101,400,7,0.08960785365368121,0.8394633936788146,0.5780093202212182,7.705594012729585,0.2904180608409973,12.207764786954149,0.0667761551174708
