feature,mean_abs_shap,mean_shap
submission_rate_cohort_z,0.228474,0.037019756
studied_credits,0.22207113,-0.10134949
submission_rate,0.21930453,-0.110044785
checkpoint_day,0.17839403,-0.034462284
mean_score_cohort_z,0.14367282,-0.037496522
min_score,0.12373601,-0.032908916
clicks_7d_cohort_z,0.11342573,-0.110998474
mean_score,0.11135531,-0.021327151
active_days_7d,0.09835973,-0.03731814
days_since_last_submission,0.09667024,-0.05869243
active_days_28d_cohort_z,0.09466099,-0.008884704
date_registration,0.0863536,-0.025706382
clicks_all_time,0.0857044,0.033872206
clicks_vs_baseline_ratio,0.07462213,-0.0075843604
assessments_missed,0.06613768,-0.04323679
assessments_late,0.06484333,-0.016536446
active_days_all_time,0.061878104,0.0144685665
mean_submission_lag,0.054214403,-0.0066944635
assessments_due,0.048327908,0.011743955
clicks_delta_4w,0.046909053,0.005288689
clicks_14d,0.038691234,-0.008664052
active_days_56d,0.036187693,0.018295215
days_since_last_activity,0.035947576,-0.0006532131
clicks_ratio_4w,0.035580315,-0.00024832075
num_of_prev_attempts,0.034333188,0.01858408
active_days_14d,0.03410703,-0.015440036
inactive_weeks_streak,0.029382639,0.014369586
clicks_28d_cohort_z,0.0279284,0.02096267
assessments_failed,0.025845405,-0.0077917716
assessments_submitted,0.02468204,0.002033504
clicks_28d,0.024065053,0.003944089
clicks_7d,0.023876542,-0.013471779
clicks_56d,0.023272676,0.0008177989
clicks_per_active_day_28d,0.021286005,0.010931427
mean_submission_lag__missing,0.011480399,-0.0040047523
active_days_28d,0.0031714588,0.001375522
submission_rate__missing,0.0023438314,-0.0011165182
min_score__missing,0.00097160734,-0.0008154705
ever_active,0.0,0.0
has_submitted,0.0,0.0
days_since_last_activity__missing,0.0,0.0
mean_score__missing,0.0,0.0
days_since_last_submission__missing,0.0,0.0
mean_score_cohort_z__missing,0.0,0.0
submission_rate_cohort_z__missing,0.0,0.0
date_registration__missing,0.0,0.0
