attribute,value,rows,positives,rate,ci_low,ci_high
gender,F,68304,1916,0.0281,0.0268,0.0293
gender,M,82634,2643,0.032,0.0308,0.0332
age_band,0-35,104902,3226,0.0308,0.0297,0.0318
age_band,35-55,44962,1307,0.0291,0.0276,0.0307
age_band,55<=,1074,26,0.0242,0.0166,0.0352
imd_band,0-10%,14316,507,0.0354,0.0325,0.0386
imd_band,10-20%,15390,492,0.032,0.0293,0.0349
imd_band,20-30%,16103,587,0.0365,0.0337,0.0395
imd_band,30-40%,16396,496,0.0303,0.0277,0.033
imd_band,40-50%,14829,450,0.0303,0.0277,0.0332
imd_band,50-60%,14836,418,0.0282,0.0256,0.031
imd_band,60-70%,13784,419,0.0304,0.0277,0.0334
imd_band,70-80%,13872,383,0.0276,0.025,0.0305
imd_band,80-90%,13220,349,0.0264,0.0238,0.0293
imd_band,90-100%,12426,321,0.0258,0.0232,0.0288
imd_band,missing,5766,137,0.0238,0.0201,0.028
disability,N,137188,3940,0.0287,0.0278,0.0296
disability,Y,13750,619,0.045,0.0417,0.0486
