attribute,value,rows,positives,base_rate,flagged,alert_rate,recall,recall_ci_low,recall_ci_high,false_negative_rate,fnr_ci_low,fnr_ci_high,precision,precision_ci_low,precision_ci_high,false_positive_rate,fpr_ci_low,fpr_ci_high,mean_predicted,calibration_gap,conclusive
gender,F,19520,550,0.0282,1275,0.0653,0.2527,0.2182,0.2907,0.7473,0.7093,0.7818,0.109,0.0931,0.1273,0.0599,0.0566,0.0634,0.0321,0.0039,True
gender,M,23887,710,0.0297,1416,0.0593,0.2662,0.235,0.2999,0.7338,0.7001,0.765,0.1335,0.1167,0.1522,0.0529,0.0501,0.0559,0.0289,-0.0008,True
age_band,0-35,29683,870,0.0293,1953,0.0658,0.2667,0.2384,0.297,0.7333,0.703,0.7616,0.1188,0.1052,0.1339,0.0597,0.0571,0.0625,0.0316,0.0023,True
age_band,35-55,13334,377,0.0283,722,0.0541,0.2467,0.2059,0.2926,0.7533,0.7074,0.7941,0.1288,0.1063,0.1552,0.0485,0.045,0.0524,0.0276,-0.0006,True
age_band,55<=,390,13,0.0333,16,0.041,0.2308,0.0818,0.5026,0.7692,0.4974,0.9182,0.1875,0.0659,0.4301,0.0345,0.0203,0.0581,0.0236,-0.0097,False
imd_band,0-10%,3776,125,0.0331,243,0.0644,0.32,0.2446,0.4061,0.68,0.5939,0.7554,0.1646,0.1233,0.2164,0.0556,0.0486,0.0635,0.0321,-0.001,True
imd_band,10-20%,4294,138,0.0321,344,0.0801,0.2609,0.1948,0.3399,0.7391,0.6601,0.8052,0.1047,0.0766,0.1415,0.0741,0.0665,0.0825,0.0334,0.0013,True
imd_band,20-30%,4528,152,0.0336,346,0.0764,0.2697,0.2055,0.3453,0.7303,0.6547,0.7945,0.1185,0.0886,0.1568,0.0697,0.0625,0.0776,0.0328,-0.0008,True
imd_band,30-40%,4614,145,0.0314,289,0.0626,0.2483,0.1851,0.3245,0.7517,0.6755,0.8149,0.1246,0.0914,0.1676,0.0566,0.0502,0.0638,0.0308,-0.0007,True
imd_band,40-50%,4397,139,0.0316,323,0.0735,0.2878,0.219,0.3679,0.7122,0.6321,0.781,0.1238,0.0923,0.1642,0.0665,0.0594,0.0743,0.032,0.0004,True
imd_band,50-60%,4378,121,0.0276,264,0.0603,0.2562,0.1868,0.3406,0.7438,0.6594,0.8132,0.1174,0.084,0.1619,0.0547,0.0483,0.062,0.0304,0.0028,True
imd_band,60-70%,4211,119,0.0283,211,0.0501,0.1765,0.1184,0.2548,0.8235,0.7452,0.8816,0.0995,0.066,0.1474,0.0464,0.0404,0.0533,0.0285,0.0003,True
imd_band,70-80%,4137,93,0.0225,251,0.0607,0.3118,0.2267,0.4119,0.6882,0.5881,0.7733,0.1155,0.0817,0.161,0.0549,0.0483,0.0623,0.0292,0.0067,True
imd_band,80-90%,3832,97,0.0253,189,0.0493,0.2577,0.1811,0.3528,0.7423,0.6472,0.8189,0.1323,0.0912,0.188,0.0439,0.0378,0.051,0.029,0.0037,True
imd_band,90-100%,3504,91,0.026,170,0.0485,0.2308,0.1562,0.3272,0.7692,0.6728,0.8438,0.1235,0.0822,0.1815,0.0437,0.0373,0.051,0.027,0.001,True
imd_band,missing,1736,40,0.023,61,0.0351,0.2,0.105,0.3476,0.8,0.6524,0.895,0.1311,0.068,0.238,0.0312,0.024,0.0406,0.0238,0.0008,True
disability,N,39796,1092,0.0274,2413,0.0606,0.2527,0.2279,0.2794,0.7473,0.7206,0.7721,0.1144,0.1023,0.1277,0.0552,0.053,0.0575,0.0301,0.0026,True
disability,Y,3611,168,0.0465,278,0.077,0.3095,0.2445,0.383,0.6905,0.617,0.7555,0.1871,0.1456,0.237,0.0656,0.0578,0.0744,0.0332,-0.0133,True
region,East Anglian Region,4047,114,0.0282,230,0.0568,0.3158,0.2377,0.4059,0.6842,0.5941,0.7623,0.1565,0.1153,0.2091,0.0493,0.043,0.0565,0.0302,0.0021,True
region,East Midlands Region,2944,78,0.0265,169,0.0574,0.3077,0.2163,0.4171,0.6923,0.5829,0.7837,0.142,0.0973,0.2026,0.0506,0.0432,0.0592,0.0289,0.0024,True
region,Ireland,2069,54,0.0261,67,0.0324,0.1481,0.077,0.266,0.8519,0.734,0.923,0.1194,0.0618,0.2183,0.0293,0.0228,0.0376,0.0259,-0.0002,True
region,London Region,3752,105,0.028,268,0.0714,0.3048,0.2249,0.3984,0.6952,0.6016,0.7751,0.1194,0.0859,0.1637,0.0647,0.0572,0.0732,0.0315,0.0035,True
region,North Region,2453,67,0.0273,150,0.0611,0.2836,0.1897,0.4009,0.7164,0.5991,0.8103,0.1267,0.0826,0.1894,0.0549,0.0465,0.0648,0.0282,0.0009,True
region,North Western Region,3389,115,0.0339,261,0.077,0.3217,0.2433,0.4117,0.6783,0.5883,0.7567,0.1418,0.1046,0.1893,0.0684,0.0603,0.0776,0.0323,-0.0016,True
region,Scotland,6133,196,0.032,343,0.0559,0.2041,0.1536,0.2659,0.7959,0.7341,0.8464,0.1166,0.0868,0.1549,0.051,0.0457,0.0569,0.0299,-0.0021,True
region,South East Region,2796,83,0.0297,186,0.0665,0.2169,0.1418,0.317,0.7831,0.683,0.8582,0.0968,0.0621,0.1478,0.0619,0.0535,0.0716,0.0302,0.0005,True
region,South Region,3975,113,0.0284,231,0.0581,0.2301,0.1621,0.3158,0.7699,0.6842,0.8379,0.1126,0.078,0.1598,0.0531,0.0464,0.0606,0.0298,0.0014,True
region,South West Region,3221,98,0.0304,192,0.0596,0.3061,0.2236,0.4032,0.6939,0.5968,0.7764,0.1562,0.1117,0.2143,0.0519,0.0446,0.0602,0.0308,0.0004,True
region,Wales,3300,86,0.0261,227,0.0688,0.2674,0.1853,0.3695,0.7326,0.6305,0.8147,0.1013,0.0685,0.1474,0.0635,0.0556,0.0724,0.0329,0.0068,True
region,West Midlands Region,2921,92,0.0315,212,0.0726,0.2609,0.182,0.3589,0.7391,0.6411,0.818,0.1132,0.0773,0.1629,0.0665,0.0579,0.0762,0.0311,-0.0004,True
region,Yorkshire Region,2407,59,0.0245,155,0.0644,0.1864,0.1074,0.3038,0.8136,0.6962,0.8926,0.071,0.0401,0.1226,0.0613,0.0523,0.0718,0.0309,0.0064,True
